task_name,timestamp,project_name,run_id,duration,emissions,emissions_rate,cpu_power,gpu_power,ram_power,cpu_energy,gpu_energy,ram_energy,energy_consumed,country_name,country_iso_code,region,cloud_provider,cloud_region,os,python_version,codecarbon_version,cpu_count,cpu_model,gpu_count,gpu_model,longitude,latitude,ram_total_size,tracking_mode,on_cloud
Run-1,2025-04-09T10:32:24,energy_emissions_colab,8bf2183a-5368-4d3f-9f3d-06ca7300ce6b,0.2042241096496582,1.5877101650022904e-06,7.777284916187077e-06,42.5,37.100613280476075,19.122615337371826,2.4154797196388244e-06,2.0791683299995617e-06,1.066435579789129e-06,5.561083629427515e-06,United States,USA,south carolina,,,Linux-6.1.85+-x86_64-with-glibc2.35,3.11.11,2.4.2,8,Intel(R) Xeon(R) CPU @ 2.30GHz,1,1 x Tesla T4,-79.9746,32.8608,50.9936408996582,machine,N
Run-2,2025-04-09T10:32:24,energy_emissions_colab,8bf2183a-5368-4d3f-9f3d-06ca7300ce6b,0.20221638679504395,1.5783100131187134e-06,7.822726624287729e-06,42.5,37.38563430074888,19.122615337371826,2.394144568178389e-06,2.0780572180007124e-06,1.0559570488456419e-06,5.528158835024743e-06,United States,USA,south carolina,,,Linux-6.1.85+-x86_64-with-glibc2.35,3.11.11,2.4.2,8,Intel(R) Xeon(R) CPU @ 2.30GHz,1,1 x Tesla T4,-79.9746,32.8608,50.9936408996582,machine,N
Run-3,2025-04-09T10:32:24,energy_emissions_colab,8bf2183a-5368-4d3f-9f3d-06ca7300ce6b,0.20344042778015137,1.5027672290005902e-06,7.389868371450151e-06,42.5,31.769953996132674,19.122615337371826,2.4164676666259767e-06,1.7822236479995111e-06,1.0648727918770838e-06,5.263564106502572e-06,United States,USA,south carolina,,,Linux-6.1.85+-x86_64-with-glibc2.35,3.11.11,2.4.2,8,Intel(R) Xeon(R) CPU @ 2.30GHz,1,1 x Tesla T4,-79.9746,32.8608,50.9936408996582,machine,N
Run-4,2025-04-09T10:32:24,energy_emissions_colab,8bf2183a-5368-4d3f-9f3d-06ca7300ce6b,0.20975446701049805,1.5006712791715229e-06,7.15532960263628e-06,42.5,28.83089822758985,19.122615337371826,2.4897333648469715e-06,1.6675013340002563e-06,1.0989881733800647e-06,5.256222872227291e-06,United States,USA,south carolina,,,Linux-6.1.85+-x86_64-with-glibc2.35,3.11.11,2.4.2,8,Intel(R) Xeon(R) CPU @ 2.30GHz,1,1 x Tesla T4,-79.9746,32.8608,50.9936408996582,machine,N
Run-5,2025-04-09T10:32:25,energy_emissions_colab,8bf2183a-5368-4d3f-9f3d-06ca7300ce6b,0.2121896743774414,1.5112526524045006e-06,7.122186104955248e-06,42.5,28.506672088382274,19.122615337371826,2.51715663406584e-06,1.6658346660000309e-06,1.110293690147349e-06,5.293284990213223e-06,United States,USA,south carolina,,,Linux-6.1.85+-x86_64-with-glibc2.35,3.11.11,2.4.2,8,Intel(R) Xeon(R) CPU @ 2.30GHz,1,1 x Tesla T4,-79.9746,32.8608,50.9936408996582,machine,N
Run-6,2025-04-09T10:32:25,energy_emissions_colab,8bf2183a-5368-4d3f-9f3d-06ca7300ce6b,0.22777700424194336,1.5850632690645303e-06,6.9579421737879095e-06,42.5,26.730961560929504,19.122615337371826,2.7033410138554046e-06,1.6644457760000599e-06,1.1840258718647575e-06,5.55181266172022e-06,United States,USA,south carolina,,,Linux-6.1.85+-x86_64-with-glibc2.35,3.11.11,2.4.2,8,Intel(R) Xeon(R) CPU @ 2.30GHz,1,1 x Tesla T4,-79.9746,32.8608,50.9936408996582,machine,N
Run-7,2025-04-09T10:32:25,energy_emissions_colab,8bf2183a-5368-4d3f-9f3d-06ca7300ce6b,0.20139718055725098,1.458082511591247e-06,7.244260944554005e-06,42.5,30.056801578589265,19.122615337371826,2.389013436105517e-06,1.6655568879997765e-06,1.0524819353686142e-06,5.107052259473906e-06,United States,USA,south carolina,,,Linux-6.1.85+-x86_64-with-glibc2.35,3.11.11,2.4.2,8,Intel(R) Xeon(R) CPU @ 2.30GHz,1,1 x Tesla T4,-79.9746,32.8608,50.9936408996582,machine,N
Run-8,2025-04-09T10:32:25,energy_emissions_colab,8bf2183a-5368-4d3f-9f3d-06ca7300ce6b,0.2083139419555664,1.4891797091850928e-06,7.167990703242051e-06,42.5,29.112900683600383,19.122615337371826,2.4642043643527573e-06,1.665001332000135e-06,1.0867670199349772e-06,5.215972716287864e-06,United States,USA,south carolina,,,Linux-6.1.85+-x86_64-with-glibc2.35,3.11.11,2.4.2,8,Intel(R) Xeon(R) CPU @ 2.30GHz,1,1 x Tesla T4,-79.9746,32.8608,50.9936408996582,machine,N
Run-9,2025-04-09T10:32:25,energy_emissions_colab,8bf2183a-5368-4d3f-9f3d-06ca7300ce6b,0.19678735733032227,1.1960330113780669e-06,6.100269404878818e-06,42.5,15.206313658016827,19.122615337371826,2.3362413048744206e-06,8.238895480004206e-07,1.0290717777072213e-06,4.189202630582056e-06,United States,USA,south carolina,,,Linux-6.1.85+-x86_64-with-glibc2.35,3.11.11,2.4.2,8,Intel(R) Xeon(R) CPU @ 2.30GHz,1,1 x Tesla T4,-79.9746,32.8608,50.9936408996582,machine,N
Run-10,2025-04-09T10:32:26,energy_emissions_colab,8bf2183a-5368-4d3f-9f3d-06ca7300ce6b,0.21208977699279785,1.5110406844723244e-06,7.127449786095454e-06,42.5,28.344181854934494,19.122615337371826,2.5227127803696534e-06,1.6580568820002799e-06,1.1117728929684742e-06,5.2925425553384075e-06,United States,USA,south carolina,,,Linux-6.1.85+-x86_64-with-glibc2.35,3.11.11,2.4.2,8,Intel(R) Xeon(R) CPU @ 2.30GHz,1,1 x Tesla T4,-79.9746,32.8608,50.9936408996582,machine,N
Run-11,2025-04-09T10:32:26,energy_emissions_colab,8bf2183a-5368-4d3f-9f3d-06ca7300ce6b,0.20997309684753418,1.5000922035600362e-06,7.1472141750119264e-06,42.5,28.801491918870003,19.122615337371826,2.4902456336551242e-06,1.6650013319997013e-06,1.0989476472753758e-06,5.254194612930203e-06,United States,USA,south carolina,,,Linux-6.1.85+-x86_64-with-glibc2.35,3.11.11,2.4.2,8,Intel(R) Xeon(R) CPU @ 2.30GHz,1,1 x Tesla T4,-79.9746,32.8608,50.9936408996582,machine,N
Run-12,2025-04-09T10:32:26,energy_emissions_colab,8bf2183a-5368-4d3f-9f3d-06ca7300ce6b,0.19758391380310059,1.4366705905165313e-06,7.285618671439064e-06,42.5,30.663338242621922,19.122615337371826,2.3392473657925926e-06,1.6633346640003432e-06,1.0294732394317895e-06,5.032055269224732e-06,United States,USA,south carolina,,,Linux-6.1.85+-x86_64-with-glibc2.35,3.11.11,2.4.2,8,Intel(R) Xeon(R) CPU @ 2.30GHz,1,1 x Tesla T4,-79.9746,32.8608,50.9936408996582,machine,N
Run-13,2025-04-09T10:32:26,energy_emissions_colab,8bf2183a-5368-4d3f-9f3d-06ca7300ce6b,0.2159128189086914,1.5256323088971258e-06,7.075629358143818e-06,42.5,28.1124518278478,19.122615337371826,2.555925812986162e-06,1.66250132999958e-06,1.1252237604027003e-06,5.3436509033884456e-06,United States,USA,south carolina,,,Linux-6.1.85+-x86_64-with-glibc2.35,3.11.11,2.4.2,8,Intel(R) Xeon(R) CPU @ 2.30GHz,1,1 x Tesla T4,-79.9746,32.8608,50.9936408996582,machine,N
Run-14,2025-04-09T10:32:26,energy_emissions_colab,8bf2183a-5368-4d3f-9f3d-06ca7300ce6b,0.19815325736999512,1.4450021688297018e-06,7.2939874173587764e-06,42.5,30.426837907541987,19.122615337371826,2.358280122280122e-06,1.6641679979998054e-06,1.038789177747029e-06,5.061237298026956e-06,United States,USA,south carolina,,,Linux-6.1.85+-x86_64-with-glibc2.35,3.11.11,2.4.2,8,Intel(R) Xeon(R) CPU @ 2.30GHz,1,1 x Tesla T4,-79.9746,32.8608,50.9936408996582,machine,N
Run-15,2025-04-09T10:32:27,energy_emissions_colab,8bf2183a-5368-4d3f-9f3d-06ca7300ce6b,0.21035003662109375,1.500342737570681e-06,7.142047253804777e-06,42.5,28.7420086725647,19.122615337371826,2.492905490928226e-06,1.6630568860005225e-06,1.099109751694128e-06,5.2550721286228746e-06,United States,USA,south carolina,,,Linux-6.1.85+-x86_64-with-glibc2.35,3.11.11,2.4.2,8,Intel(R) Xeon(R) CPU @ 2.30GHz,1,1 x Tesla T4,-79.9746,32.8608,50.9936408996582,machine,N
Run-16,2025-04-09T10:32:27,energy_emissions_colab,8bf2183a-5368-4d3f-9f3d-06ca7300ce6b,0.20726633071899414,1.483455611783228e-06,7.180411832353575e-06,42.5,29.196910226586354,19.122615337371826,2.4513976441489324e-06,1.662779108000268e-06,1.0817468487167058e-06,5.195923600865906e-06,United States,USA,south carolina,,,Linux-6.1.85+-x86_64-with-glibc2.35,3.11.11,2.4.2,8,Intel(R) Xeon(R) CPU @ 2.30GHz,1,1 x Tesla T4,-79.9746,32.8608,50.9936408996582,machine,N
Run-17,2025-04-09T10:32:27,energy_emissions_colab,8bf2183a-5368-4d3f-9f3d-06ca7300ce6b,0.206010103225708,1.4762992508036388e-06,7.194082881006589e-06,42.5,29.497430641207682,19.122615337371826,2.4324521422386204e-06,1.6655568879997765e-06,1.0728488358560652e-06,5.170857866094452e-06,United States,USA,south carolina,,,Linux-6.1.85+-x86_64-with-glibc2.35,3.11.11,2.4.2,8,Intel(R) Xeon(R) CPU @ 2.30GHz,1,1 x Tesla T4,-79.9746,32.8608,50.9936408996582,machine,N
Run-18,2025-04-09T10:32:27,energy_emissions_colab,8bf2183a-5368-4d3f-9f3d-06ca7300ce6b,0.22305560111999512,1.8080341767425792e-06,8.12198105551509e-06,42.5,40.355499612968465,19.122615337371826,2.6630153258641584e-06,2.4947242179998268e-06,1.1750468067947392e-06,6.332786350658721e-06,United States,USA,south carolina,,,Linux-6.1.85+-x86_64-with-glibc2.35,3.11.11,2.4.2,8,Intel(R) Xeon(R) CPU @ 2.30GHz,1,1 x Tesla T4,-79.9746,32.8608,50.9936408996582,machine,N
Run-19,2025-04-09T10:32:28,energy_emissions_colab,8bf2183a-5368-4d3f-9f3d-06ca7300ce6b,0.2006824016571045,1.4528426795478747e-06,7.245115593193411e-06,42.5,30.15317650587016,19.122615337371826,2.3772312535179976e-06,1.6636124419997303e-06,1.0478556272302801e-06,5.088699322748015e-06,United States,USA,south carolina,,,Linux-6.1.85+-x86_64-with-glibc2.35,3.11.11,2.4.2,8,Intel(R) Xeon(R) CPU @ 2.30GHz,1,1 x Tesla T4,-79.9746,32.8608,50.9936408996582,machine,N
Run-20,2025-04-09T10:32:28,energy_emissions_colab,8bf2183a-5368-4d3f-9f3d-06ca7300ce6b,0.21519088745117188,1.5198342780167605e-06,7.081674268961675e-06,42.5,28.247639943303657,19.122615337371826,2.5424041681819514e-06,1.662779108000268e-06,1.1181595537792075e-06,5.323342829961417e-06,United States,USA,south carolina,,,Linux-6.1.85+-x86_64-with-glibc2.35,3.11.11,2.4.2,8,Intel(R) Xeon(R) CPU @ 2.30GHz,1,1 x Tesla T4,-79.9746,32.8608,50.9936408996582,machine,N
Run-21,2025-04-09T10:32:28,energy_emissions_colab,8bf2183a-5368-4d3f-9f3d-06ca7300ce6b,0.20814275741577148,1.4871129954407167e-06,7.14746988302489e-06,42.5,29.106398164224128,19.122615337371826,2.46122082074483e-06,1.6625013300000137e-06,1.0850117330256607e-06,5.208733883770508e-06,United States,USA,south carolina,,,Linux-6.1.85+-x86_64-with-glibc2.35,3.11.11,2.4.2,8,Intel(R) Xeon(R) CPU @ 2.30GHz,1,1 x Tesla T4,-79.9746,32.8608,50.9936408996582,machine,N
Run-22,2025-04-09T10:32:28,energy_emissions_colab,8bf2183a-5368-4d3f-9f3d-06ca7300ce6b,0.20174026489257812,1.4594850856987558e-06,7.258202136707913e-06,42.5,30.01988761641353,19.122615337371826,2.394547065099077e-06,1.6644457759996262e-06,1.0529720479471894e-06,5.111964889045886e-06,United States,USA,south carolina,,,Linux-6.1.85+-x86_64-with-glibc2.35,3.11.11,2.4.2,8,Intel(R) Xeon(R) CPU @ 2.30GHz,1,1 x Tesla T4,-79.9746,32.8608,50.9936408996582,machine,N
Run-23,2025-04-09T10:32:28,energy_emissions_colab,8bf2183a-5368-4d3f-9f3d-06ca7300ce6b,0.2248706817626953,1.5711244801813328e-06,7.0023522885647175e-06,42.5,26.920615547283894,19.122615337371826,2.6624298757976943e-06,1.665001332000135e-06,1.1755597153072018e-06,5.5029909231050345e-06,United States,USA,south carolina,,,Linux-6.1.85+-x86_64-with-glibc2.35,3.11.11,2.4.2,8,Intel(R) Xeon(R) CPU @ 2.30GHz,1,1 x Tesla T4,-79.9746,32.8608,50.9936408996582,machine,N
Run-24,2025-04-09T10:32:29,energy_emissions_colab,8bf2183a-5368-4d3f-9f3d-06ca7300ce6b,0.20241522789001465,1.4597206463530242e-06,7.211532947872204e-06,42.5,29.939303005304108,19.122615337371826,2.3940263522995856e-06,1.6633346639999096e-06,1.0554289430439218e-06,5.11278995934341e-06,United States,USA,south carolina,,,Linux-6.1.85+-x86_64-with-glibc2.35,3.11.11,2.4.2,8,Intel(R) Xeon(R) CPU @ 2.30GHz,1,1 x Tesla T4,-79.9746,32.8608,50.9936408996582,machine,N
Run-25,2025-04-09T10:32:29,energy_emissions_colab,8bf2183a-5368-4d3f-9f3d-06ca7300ce6b,0.21137595176696777,1.5041927615288232e-06,7.119038836194797e-06,42.5,28.71323661458897,19.122615337371826,2.5013128916422512e-06,1.665001332000135e-06,1.1022429261628492e-06,5.2685571498052456e-06,United States,USA,south carolina,,,Linux-6.1.85+-x86_64-with-glibc2.35,3.11.11,2.4.2,8,Intel(R) Xeon(R) CPU @ 2.30GHz,1,1 x Tesla T4,-79.9746,32.8608,50.9936408996582,machine,N
Run-26,2025-04-09T10:32:29,energy_emissions_colab,8bf2183a-5368-4d3f-9f3d-06ca7300ce6b,0.20222973823547363,1.4603591896994575e-06,7.2244820246240355e-06,42.5,29.910956659940876,19.122615337371826,2.3952788776821572e-06,1.6633346639999096e-06,1.0564129675233858e-06,5.115026509205456e-06,United States,USA,south carolina,,,Linux-6.1.85+-x86_64-with-glibc2.35,3.11.11,2.4.2,8,Intel(R) Xeon(R) CPU @ 2.30GHz,1,1 x Tesla T4,-79.9746,32.8608,50.9936408996582,machine,N
Run-27,2025-04-09T10:32:29,energy_emissions_colab,8bf2183a-5368-4d3f-9f3d-06ca7300ce6b,0.19951343536376953,1.4477213407448685e-06,7.2589142684659975e-06,42.5,30.281543820109796,19.122615337371826,2.3645596371756647e-06,1.6633346640003432e-06,1.042867117031296e-06,5.070761418207297e-06,United States,USA,south carolina,,,Linux-6.1.85+-x86_64-with-glibc2.35,3.11.11,2.4.2,8,Intel(R) Xeon(R) CPU @ 2.30GHz,1,1 x Tesla T4,-79.9746,32.8608,50.9936408996582,machine,N
Run-28,2025-04-09T10:32:29,energy_emissions_colab,8bf2183a-5368-4d3f-9f3d-06ca7300ce6b,0.20693516731262207,1.7203844596164224e-06,8.330455335803518e-06,42.5,43.92796687236459,19.122615337371826,2.448616756333248e-06,2.497501997999769e-06,1.0796673529698834e-06,6.0257861073028936e-06,United States,USA,south carolina,,,Linux-6.1.85+-x86_64-with-glibc2.35,3.11.11,2.4.2,8,Intel(R) Xeon(R) CPU @ 2.30GHz,1,1 x Tesla T4,-79.9746,32.8608,50.9936408996582,machine,N
Run-29,2025-04-09T10:32:30,energy_emissions_colab,8bf2183a-5368-4d3f-9f3d-06ca7300ce6b,0.19646525382995605,1.4345233774350463e-06,7.306958313885592e-06,42.5,30.77992092246862,19.122615337371826,2.332590685950379e-06,1.6647235540003143e-06,1.0272202412992738e-06,5.024534481249987e-06,United States,USA,south carolina,,,Linux-6.1.85+-x86_64-with-glibc2.35,3.11.11,2.4.2,8,Intel(R) Xeon(R) CPU @ 2.30GHz,1,1 x Tesla T4,-79.9746,32.8608,50.9936408996582,machine,N
Run-30,2025-04-09T10:32:30,energy_emissions_colab,8bf2183a-5368-4d3f-9f3d-06ca7300ce6b,0.20747661590576172,1.4898543168309001e-06,7.186321647855641e-06,42.5,29.090841626636642,19.122615337371826,2.4650572074784167e-06,1.665279109999522e-06,1.0879992668056589e-06,5.218335584283591e-06,United States,USA,south carolina,,,Linux-6.1.85+-x86_64-with-glibc2.35,3.11.11,2.4.2,8,Intel(R) Xeon(R) CPU @ 2.30GHz,1,1 x Tesla T4,-79.9746,32.8608,50.9936408996582,machine,N
Run-31,2025-04-09T10:32:30,energy_emissions_colab,8bf2183a-5368-4d3f-9f3d-06ca7300ce6b,0.21307992935180664,1.5104299112249166e-06,7.101297269053022e-06,42.5,28.699381260887794,19.122615337371826,2.521696686744697e-06,1.6655568880006438e-06,1.1031496977552491e-06,5.29040327250057e-06,United States,USA,south carolina,,,Linux-6.1.85+-x86_64-with-glibc2.35,3.11.11,2.4.2,8,Intel(R) Xeon(R) CPU @ 2.30GHz,1,1 x Tesla T4,-79.9746,32.8608,50.9936408996582,machine,N
Run-32,2025-04-09T10:32:30,energy_emissions_colab,8bf2183a-5368-4d3f-9f3d-06ca7300ce6b,0.2102208137512207,1.4999735649310182e-06,7.138045845370599e-06,42.5,28.785672465255676,19.122615337371826,2.490223116344883e-06,1.664723553999447e-06,1.0988324011651694e-06,5.2537790715094924e-06,United States,USA,south carolina,,,Linux-6.1.85+-x86_64-with-glibc2.35,3.11.11,2.4.2,8,Intel(R) Xeon(R) CPU @ 2.30GHz,1,1 x Tesla T4,-79.9746,32.8608,50.9936408996582,machine,N
Run-33,2025-04-09T10:32:31,energy_emissions_colab,8bf2183a-5368-4d3f-9f3d-06ca7300ce6b,0.24634552001953125,1.6752986172804258e-06,6.8048135273407056e-06,42.5,24.54342452565482,19.122615337371826,2.9145308666759015e-06,1.6638902200004184e-06,1.289448201007701e-06,5.867869287684048e-06,United States,USA,south carolina,,,Linux-6.1.85+-x86_64-with-glibc2.35,3.11.11,2.4.2,8,Intel(R) Xeon(R) CPU @ 2.30GHz,1,1 x Tesla T4,-79.9746,32.8608,50.9936408996582,machine,N
Run-34,2025-04-09T10:32:31,energy_emissions_colab,8bf2183a-5368-4d3f-9f3d-06ca7300ce6b,0.2597811222076416,1.979511410405766e-06,7.621738855611371e-06,42.5,34.95214024766353,19.122615337371826,3.0755971868832847e-06,2.4980575539994103e-06,1.3597445289119974e-06,6.933399269794699e-06,United States,USA,south carolina,,,Linux-6.1.85+-x86_64-with-glibc2.35,3.11.11,2.4.2,8,Intel(R) Xeon(R) CPU @ 2.30GHz,1,1 x Tesla T4,-79.9746,32.8608,50.9936408996582,machine,N
Run-35,2025-04-09T10:32:31,energy_emissions_colab,8bf2183a-5368-4d3f-9f3d-06ca7300ce6b,0.3002190589904785,2.173182751007186e-06,7.255533678596145e-06,42.5,30.273765925321296,19.122615337371826,3.5440557532840343e-06,2.497224219999948e-06,1.5704688753245935e-06,7.611748848608562e-06,United States,USA,south carolina,,,Linux-6.1.85+-x86_64-with-glibc2.35,3.11.11,2.4.2,8,Intel(R) Xeon(R) CPU @ 2.30GHz,1,1 x Tesla T4,-79.9746,32.8608,50.9936408996582,machine,N
Run-36,2025-04-09T10:32:31,energy_emissions_colab,8bf2183a-5368-4d3f-9f3d-06ca7300ce6b,0.3088648319244385,2.217383182649723e-06,7.18120543009842e-06,42.5,29.3499067709321,19.122615337371826,3.6487443579567857e-06,2.4972242200008155e-06,1.620595867501799e-06,7.7665644454594e-06,United States,USA,south carolina,,,Linux-6.1.85+-x86_64-with-glibc2.35,3.11.11,2.4.2,8,Intel(R) Xeon(R) CPU @ 2.30GHz,1,1 x Tesla T4,-79.9746,32.8608,50.9936408996582,machine,N
Run-37,2025-04-09T10:32:32,energy_emissions_colab,8bf2183a-5368-4d3f-9f3d-06ca7300ce6b,0.28662562370300293,2.109807596588463e-06,7.359586728222429e-06,42.5,31.74091415108401,19.122615337371826,3.394222756226864e-06,2.4983353319996647e-06,1.4972141417780432e-06,7.389772230004585e-06,United States,USA,south carolina,,,Linux-6.1.85+-x86_64-with-glibc2.35,3.11.11,2.4.2,8,Intel(R) Xeon(R) CPU @ 2.30GHz,1,1 x Tesla T4,-79.9746,32.8608,50.9936408996582,machine,N
Run-38,2025-04-09T10:32:32,energy_emissions_colab,8bf2183a-5368-4d3f-9f3d-06ca7300ce6b,0.30751776695251465,2.2117994058195383e-06,7.206323053986304e-06,42.5,29.45380292040888,19.122615337371826,3.6352255278163537e-06,2.4977797760000232e-06,1.6140015104045352e-06,7.747006814220905e-06,United States,USA,south carolina,,,Linux-6.1.85+-x86_64-with-glibc2.35,3.11.11,2.4.2,8,Intel(R) Xeon(R) CPU @ 2.30GHz,1,1 x Tesla T4,-79.9746,32.8608,50.9936408996582,machine,N
Run-39,2025-04-09T10:32:32,energy_emissions_colab,8bf2183a-5368-4d3f-9f3d-06ca7300ce6b,0.3105788230895996,2.2266681055897543e-06,7.184083518292686e-06,42.5,29.195520560489538,19.122615337371826,3.6698261896769157e-06,2.498613109999919e-06,1.6306463414645107e-06,7.799085641141352e-06,United States,USA,south carolina,,,Linux-6.1.85+-x86_64-with-glibc2.35,3.11.11,2.4.2,8,Intel(R) Xeon(R) CPU @ 2.30GHz,1,1 x Tesla T4,-79.9746,32.8608,50.9936408996582,machine,N
Run-40,2025-04-09T10:32:33,energy_emissions_colab,8bf2183a-5368-4d3f-9f3d-06ca7300ce6b,0.29318881034851074,2.1391662505653445e-06,7.2958094970777345e-06,42.5,30.96679377067185,19.122615337371826,3.4611498316129095e-06,2.4969464420001274e-06,1.5345070231767487e-06,7.492603296789779e-06,United States,USA,south carolina,,,Linux-6.1.85+-x86_64-with-glibc2.35,3.11.11,2.4.2,8,Intel(R) Xeon(R) CPU @ 2.30GHz,1,1 x Tesla T4,-79.9746,32.8608,50.9936408996582,machine,N
Run-41,2025-04-09T10:32:33,energy_emissions_colab,8bf2183a-5368-4d3f-9f3d-06ca7300ce6b,0.2749061584472656,2.051054687786239e-06,7.460797253569262e-06,42.5,33.118515620471236,19.122615337371826,3.251643147733475e-06,2.498057553999844e-06,1.4342846998416302e-06,7.183985401574969e-06,United States,USA,south carolina,,,Linux-6.1.85+-x86_64-with-glibc2.35,3.11.11,2.4.2,8,Intel(R) Xeon(R) CPU @ 2.30GHz,1,1 x Tesla T4,-79.9746,32.8608,50.9936408996582,machine,N
Run-42,2025-04-09T10:32:33,energy_emissions_colab,8bf2183a-5368-4d3f-9f3d-06ca7300ce6b,0.24161767959594727,1.653888030065924e-06,6.85966252041523e-06,42.5,25.043145660042036,19.122615337371826,2.8608805603451225e-06,1.666390222000106e-06,1.2656061870432248e-06,5.792876969388426e-06,United States,USA,south carolina,,,Linux-6.1.85+-x86_64-with-glibc2.35,3.11.11,2.4.2,8,Intel(R) Xeon(R) CPU @ 2.30GHz,1,1 x Tesla T4,-79.9746,32.8608,50.9936408996582,machine,N
Run-43,2025-04-09T10:32:33,energy_emissions_colab,8bf2183a-5368-4d3f-9f3d-06ca7300ce6b,0.2075788974761963,1.7242632450660577e-06,8.325937579028767e-06,42.5,43.823302130100664,19.122615337371826,2.4557491143544538e-06,2.4997242220000694e-06,1.0838985315875027e-06,6.039371867942039e-06,United States,USA,south carolina,,,Linux-6.1.85+-x86_64-with-glibc2.35,3.11.11,2.4.2,8,Intel(R) Xeon(R) CPU @ 2.30GHz,1,1 x Tesla T4,-79.9746,32.8608,50.9936408996582,machine,N
Run-44,2025-04-09T10:32:34,energy_emissions_colab,8bf2183a-5368-4d3f-9f3d-06ca7300ce6b,0.21454596519470215,1.5227823193486692e-06,7.121557945950522e-06,42.5,28.197221730719406,19.122615337371826,2.544427911440529e-06,1.6663902219996723e-06,1.122850450396887e-06,5.333668583837109e-06,United States,USA,south carolina,,,Linux-6.1.85+-x86_64-with-glibc2.35,3.11.11,2.4.2,8,Intel(R) Xeon(R) CPU @ 2.30GHz,1,1 x Tesla T4,-79.9746,32.8608,50.9936408996582,machine,N
Run-45,2025-04-09T10:32:34,energy_emissions_colab,8bf2183a-5368-4d3f-9f3d-06ca7300ce6b,0.19893383979797363,1.444151035749576e-06,7.263266625795267e-06,42.5,30.48000844676728,19.122615337371826,2.3560790552033312e-06,1.6658346660000309e-06,1.0363424141764688e-06,5.058256135379838e-06,United States,USA,south carolina,,,Linux-6.1.85+-x86_64-with-glibc2.35,3.11.11,2.4.2,8,Intel(R) Xeon(R) CPU @ 2.30GHz,1,1 x Tesla T4,-79.9746,32.8608,50.9936408996582,machine,N
Run-46,2025-04-09T10:32:34,energy_emissions_colab,8bf2183a-5368-4d3f-9f3d-06ca7300ce6b,0.20901870727539062,1.4995744132138464e-06,7.185181711945377e-06,42.5,28.824790013820223,19.122615337371826,2.4885118007659867e-06,1.6658346660004646e-06,1.0980345434791157e-06,5.252381010245567e-06,United States,USA,south carolina,,,Linux-6.1.85+-x86_64-with-glibc2.35,3.11.11,2.4.2,8,Intel(R) Xeon(R) CPU @ 2.30GHz,1,1 x Tesla T4,-79.9746,32.8608,50.9936408996582,machine,N
Run-47,2025-04-09T10:32:34,energy_emissions_colab,8bf2183a-5368-4d3f-9f3d-06ca7300ce6b,0.2154543399810791,1.5257826073778114e-06,7.084175381219312e-06,42.5,28.112149256255442,19.122615337371826,2.5521513488557693e-06,1.6658346659995972e-06,1.1261913211521336e-06,5.3441773360074865e-06,United States,USA,south carolina,,,Linux-6.1.85+-x86_64-with-glibc2.35,3.11.11,2.4.2,8,Intel(R) Xeon(R) CPU @ 2.30GHz,1,1 x Tesla T4,-79.9746,32.8608,50.9936408996582,machine,N
Run-48,2025-04-09T10:32:34,energy_emissions_colab,8bf2183a-5368-4d3f-9f3d-06ca7300ce6b,0.20511746406555176,1.4728699972241396e-06,7.186029777273555e-06,42.5,29.60849047988026,19.122615337371826,2.425415482785971e-06,1.6655568879997765e-06,1.0678742565055637e-06,5.158846627291284e-06,United States,USA,south carolina,,,Linux-6.1.85+-x86_64-with-glibc2.35,3.11.11,2.4.2,8,Intel(R) Xeon(R) CPU @ 2.30GHz,1,1 x Tesla T4,-79.9746,32.8608,50.9936408996582,machine,N
Run-49,2025-04-09T10:32:35,energy_emissions_colab,8bf2183a-5368-4d3f-9f3d-06ca7300ce6b,0.20914053916931152,1.4947523823253563e-06,7.151203602833326e-06,42.5,28.99045789960707,19.122615337371826,2.4759049216906332e-06,1.6661124440002853e-06,1.0934740902609027e-06,5.235491455951808e-06,United States,USA,south carolina,,,Linux-6.1.85+-x86_64-with-glibc2.35,3.11.11,2.4.2,8,Intel(R) Xeon(R) CPU @ 2.30GHz,1,1 x Tesla T4,-79.9746,32.8608,50.9936408996582,machine,N
Run-50,2025-04-09T10:32:35,energy_emissions_colab,8bf2183a-5368-4d3f-9f3d-06ca7300ce6b,0.20665526390075684,1.4824160486021152e-06,7.1764732061897975e-06,42.5,29.340874533540216,19.122615337371826,2.4463143613603444e-06,1.6666680000003604e-06,1.0793000851461456e-06,5.19228244650683e-06,United States,USA,south carolina,,,Linux-6.1.85+-x86_64-with-glibc2.35,3.11.11,2.4.2,8,Intel(R) Xeon(R) CPU @ 2.30GHz,1,1 x Tesla T4,-79.9746,32.8608,50.9936408996582,machine,N
Run-51,2025-04-09T10:32:35,energy_emissions_colab,8bf2183a-5368-4d3f-9f3d-06ca7300ce6b,0.20267391204833984,1.462851029900475e-06,7.2330555856873354e-06,42.5,29.945831481449158,19.122615337371826,2.399073044459033e-06,1.6672235559995682e-06,1.057457781159883e-06,5.123754381618478e-06,United States,USA,south carolina,,,Linux-6.1.85+-x86_64-with-glibc2.35,3.11.11,2.4.2,8,Intel(R) Xeon(R) CPU @ 2.30GHz,1,1 x Tesla T4,-79.9746,32.8608,50.9936408996582,machine,N
Run-52,2025-04-09T10:32:35,energy_emissions_colab,8bf2183a-5368-4d3f-9f3d-06ca7300ce6b,0.2082817554473877,1.4887080096144474e-06,7.176146177366651e-06,42.5,29.14468104193809,19.122615337371826,2.4615867270363836e-06,1.6661124440002853e-06,1.0866213792462507e-06,5.214320550282899e-06,United States,USA,south carolina,,,Linux-6.1.85+-x86_64-with-glibc2.35,3.11.11,2.4.2,8,Intel(R) Xeon(R) CPU @ 2.30GHz,1,1 x Tesla T4,-79.9746,32.8608,50.9936408996582,machine,N
Run-53,2025-04-09T10:32:35,energy_emissions_colab,8bf2183a-5368-4d3f-9f3d-06ca7300ce6b,0.21639060974121094,1.5315691708035019e-06,7.086043270962737e-06,42.5,27.97337025795858,19.122615337371826,2.5674349731869223e-06,1.6655568879997765e-06,1.1314533825577608e-06,5.3644452437444324e-06,United States,USA,south carolina,,,Linux-6.1.85+-x86_64-with-glibc2.35,3.11.11,2.4.2,8,Intel(R) Xeon(R) CPU @ 2.30GHz,1,1 x Tesla T4,-79.9746,32.8608,50.9936408996582,machine,N
Run-54,2025-04-09T10:32:36,energy_emissions_colab,8bf2183a-5368-4d3f-9f3d-06ca7300ce6b,0.21082401275634766,1.501899027014507e-06,7.148490164365763e-06,42.5,28.841952926863936,19.122615337371826,2.4956357147958637e-06,1.6666680000003604e-06,1.0982194438317536e-06,5.260523158627951e-06,United States,USA,south carolina,,,Linux-6.1.85+-x86_64-with-glibc2.35,3.11.11,2.4.2,8,Intel(R) Xeon(R) CPU @ 2.30GHz,1,1 x Tesla T4,-79.9746,32.8608,50.9936408996582,machine,N
Run-55,2025-04-09T10:32:36,energy_emissions_colab,8bf2183a-5368-4d3f-9f3d-06ca7300ce6b,0.20153284072875977,1.4558478102956603e-06,7.242268860815223e-06,42.5,30.14996084752119,19.122615337371826,2.3827958438131513e-06,1.6663902219996723e-06,1.0500389711203694e-06,5.099225036933207e-06,United States,USA,south carolina,,,Linux-6.1.85+-x86_64-with-glibc2.35,3.11.11,2.4.2,8,Intel(R) Xeon(R) CPU @ 2.30GHz,1,1 x Tesla T4,-79.9746,32.8608,50.9936408996582,machine,N
Run-56,2025-04-09T10:32:36,energy_emissions_colab,8bf2183a-5368-4d3f-9f3d-06ca7300ce6b,0.19793105125427246,1.4406696554140062e-06,7.279661157932538e-06,42.5,30.63919624882517,19.122615337371826,2.344924542638997e-06,1.6669457780001812e-06,1.0341919977464409e-06,5.046062318385619e-06,United States,USA,south carolina,,,Linux-6.1.85+-x86_64-with-glibc2.35,3.11.11,2.4.2,8,Intel(R) Xeon(R) CPU @ 2.30GHz,1,1 x Tesla T4,-79.9746,32.8608,50.9936408996582,machine,N
Run-57,2025-04-09T10:32:36,energy_emissions_colab,8bf2183a-5368-4d3f-9f3d-06ca7300ce6b,0.19783234596252441,1.4415127922538654e-06,7.2889179607443985e-06,42.5,30.58634893599083,19.122615337371826,2.3480854100651138e-06,1.6661124439998516e-06,1.0348176194875669e-06,5.0490154735525865e-06,United States,USA,south carolina,,,Linux-6.1.85+-x86_64-with-glibc2.35,3.11.11,2.4.2,8,Intel(R) Xeon(R) CPU @ 2.30GHz,1,1 x Tesla T4,-79.9746,32.8608,50.9936408996582,machine,N
Run-58,2025-04-09T10:32:36,energy_emissions_colab,8bf2183a-5368-4d3f-9f3d-06ca7300ce6b,0.2165532112121582,1.5294811984653295e-06,7.076148774901692e-06,42.5,28.125831172583986,19.122615337371826,2.5648961464563966e-06,1.666390222000106e-06,1.1258455828215091e-06,5.357131951278025e-06,United States,USA,south carolina,,,Linux-6.1.85+-x86_64-with-glibc2.35,3.11.11,2.4.2,8,Intel(R) Xeon(R) CPU @ 2.30GHz,1,1 x Tesla T4,-79.9746,32.8608,50.9936408996582,machine,N
Run-59,2025-04-09T10:32:37,energy_emissions_colab,8bf2183a-5368-4d3f-9f3d-06ca7300ce6b,0.21025300025939941,1.5003107181474422e-06,7.140249772348247e-06,42.5,28.881725489023363,19.122615337371826,2.4886637926101597e-06,1.6686124460004066e-06,1.0976837393854018e-06,5.254959977995968e-06,United States,USA,south carolina,,,Linux-6.1.85+-x86_64-with-glibc2.35,3.11.11,2.4.2,8,Intel(R) Xeon(R) CPU @ 2.30GHz,1,1 x Tesla T4,-79.9746,32.8608,50.9936408996582,machine,N
Run-60,2025-04-09T10:32:37,energy_emissions_colab,8bf2183a-5368-4d3f-9f3d-06ca7300ce6b,0.2161085605621338,1.5313159377420557e-06,7.08667741664957e-06,42.5,27.974229307177584,19.122615337371826,2.5634831852383165e-06,1.6672235559995682e-06,1.1328515331695134e-06,5.363558274407425e-06,United States,USA,south carolina,,,Linux-6.1.85+-x86_64-with-glibc2.35,3.11.11,2.4.2,8,Intel(R) Xeon(R) CPU @ 2.30GHz,1,1 x Tesla T4,-79.9746,32.8608,50.9936408996582,machine,N
Run-61,2025-04-09T10:32:37,energy_emissions_colab,8bf2183a-5368-4d3f-9f3d-06ca7300ce6b,0.200272798538208,1.4538102252928511e-06,7.260567230209893e-06,42.5,30.227744679841994,19.122615337371826,2.3771411842769916e-06,1.6669457779997475e-06,1.048001267919005e-06,5.092088230195771e-06,United States,USA,south carolina,,,Linux-6.1.85+-x86_64-with-glibc2.35,3.11.11,2.4.2,8,Intel(R) Xeon(R) CPU @ 2.30GHz,1,1 x Tesla T4,-79.9746,32.8608,50.9936408996582,machine,N
Run-62,2025-04-09T10:32:37,energy_emissions_colab,8bf2183a-5368-4d3f-9f3d-06ca7300ce6b,0.21312284469604492,1.7540269236162063e-06,8.242505136165955e-06,42.5,42.56653474147079,19.122615337371826,2.526338067319672e-06,2.500557556000399e-06,1.1167259428258522e-06,6.14362156614595e-06,United States,USA,south carolina,,,Linux-6.1.85+-x86_64-with-glibc2.35,3.11.11,2.4.2,8,Intel(R) Xeon(R) CPU @ 2.30GHz,1,1 x Tesla T4,-79.9746,32.8608,50.9936408996582,machine,N
Run-63,2025-04-09T10:32:38,energy_emissions_colab,8bf2183a-5368-4d3f-9f3d-06ca7300ce6b,0.21720123291015625,1.5443687283807524e-06,7.127140941778853e-06,42.5,27.63539173686292,19.122615337371826,2.595820857418914e-06,1.6669457780001812e-06,1.14651009689027e-06,5.409276732309379e-06,United States,USA,south carolina,,,Linux-6.1.85+-x86_64-with-glibc2.35,3.11.11,2.4.2,8,Intel(R) Xeon(R) CPU @ 2.30GHz,1,1 x Tesla T4,-79.9746,32.8608,50.9936408996582,machine,N
Run-64,2025-04-09T10:32:38,energy_emissions_colab,8bf2183a-5368-4d3f-9f3d-06ca7300ce6b,0.20271754264831543,1.4636387135334071e-06,7.221830272815637e-06,42.5,30.136156256662684,19.122615337371826,2.4084993534617867e-06,1.6675013339998226e-06,1.050512619968919e-06,5.126513307430569e-06,United States,USA,south carolina,,,Linux-6.1.85+-x86_64-with-glibc2.35,3.11.11,2.4.2,8,Intel(R) Xeon(R) CPU @ 2.30GHz,1,1 x Tesla T4,-79.9746,32.8608,50.9936408996582,machine,N
Run-65,2025-04-09T10:32:38,energy_emissions_colab,8bf2183a-5368-4d3f-9f3d-06ca7300ce6b,0.20650053024291992,1.4843190480170245e-06,7.193955801473296e-06,42.5,29.340454399836656,19.122615337371826,2.4505025810665586e-06,1.6683346680001522e-06,1.0801106072399162e-06,5.1989478563066135e-06,United States,USA,south carolina,,,Linux-6.1.85+-x86_64-with-glibc2.35,3.11.11,2.4.2,8,Intel(R) Xeon(R) CPU @ 2.30GHz,1,1 x Tesla T4,-79.9746,32.8608,50.9936408996582,machine,N
Run-66,2025-04-09T10:32:38,energy_emissions_colab,8bf2183a-5368-4d3f-9f3d-06ca7300ce6b,0.20508384704589844,1.4751956275021213e-06,7.196062171552483e-06,42.5,29.614615254605397,19.122615337371826,2.4281091160244413e-06,1.6680568899994641e-06,1.0708263299439658e-06,5.166992335967871e-06,United States,USA,south carolina,,,Linux-6.1.85+-x86_64-with-glibc2.35,3.11.11,2.4.2,8,Intel(R) Xeon(R) CPU @ 2.30GHz,1,1 x Tesla T4,-79.9746,32.8608,50.9936408996582,machine,N
Run-67,2025-04-09T10:32:38,energy_emissions_colab,8bf2183a-5368-4d3f-9f3d-06ca7300ce6b,0.2106609344482422,1.5077505991788377e-06,7.1732645447017995e-06,42.5,28.682060413038556,19.122615337371826,2.5061850746472777e-06,1.6688902240002274e-06,1.1059434660972095e-06,5.2810187647446875e-06,United States,USA,south carolina,,,Linux-6.1.85+-x86_64-with-glibc2.35,3.11.11,2.4.2,8,Intel(R) Xeon(R) CPU @ 2.30GHz,1,1 x Tesla T4,-79.9746,32.8608,50.9936408996582,machine,N
Run-68,2025-04-09T10:32:39,energy_emissions_colab,8bf2183a-5368-4d3f-9f3d-06ca7300ce6b,0.2084333896636963,1.4889016396620714e-06,7.15783006499016e-06,42.5,29.21194682084269,19.122615337371826,2.460888690418672e-06,1.6683346680001522e-06,1.0857753968108807e-06,5.2149987552296915e-06,United States,USA,south carolina,,,Linux-6.1.85+-x86_64-with-glibc2.35,3.11.11,2.4.2,8,Intel(R) Xeon(R) CPU @ 2.30GHz,1,1 x Tesla T4,-79.9746,32.8608,50.9936408996582,machine,N
Run-69,2025-04-09T10:32:39,energy_emissions_colab,8bf2183a-5368-4d3f-9f3d-06ca7300ce6b,0.21613335609436035,1.5280009176630297e-06,7.073333989236662e-06,42.5,28.135459612226864,19.122615337371826,2.559207710954868e-06,1.6669457780001812e-06,1.1257936587498858e-06,5.351947147704949e-06,United States,USA,south carolina,,,Linux-6.1.85+-x86_64-with-glibc2.35,3.11.11,2.4.2,8,Intel(R) Xeon(R) CPU @ 2.30GHz,1,1 x Tesla T4,-79.9746,32.8608,50.9936408996582,machine,N
Run-70,2025-04-09T10:32:39,energy_emissions_colab,8bf2183a-5368-4d3f-9f3d-06ca7300ce6b,0.19903945922851562,1.4455135290597406e-06,7.265083870050515e-06,42.5,30.492677145557213,19.122615337371826,2.3570135235786375e-06,1.6677791119996434e-06,1.0382357431298775e-06,5.063028378708213e-06,United States,USA,south carolina,,,Linux-6.1.85+-x86_64-with-glibc2.35,3.11.11,2.4.2,8,Intel(R) Xeon(R) CPU @ 2.30GHz,1,1 x Tesla T4,-79.9746,32.8608,50.9936408996582,machine,N
Run-71,2025-04-09T10:32:39,energy_emissions_colab,8bf2183a-5368-4d3f-9f3d-06ca7300ce6b,0.21272826194763184,1.7492296180587517e-06,8.223978962477478e-06,42.5,42.84482706466163,19.122615337371826,2.514060503906664e-06,2.5019464459999363e-06,1.110811664422896e-06,6.12681861432955e-06,United States,USA,south carolina,,,Linux-6.1.85+-x86_64-with-glibc2.35,3.11.11,2.4.2,8,Intel(R) Xeon(R) CPU @ 2.30GHz,1,1 x Tesla T4,-79.9746,32.8608,50.9936408996582,machine,N
Run-72,2025-04-09T10:32:39,energy_emissions_colab,8bf2183a-5368-4d3f-9f3d-06ca7300ce6b,0.20228838920593262,1.4633785161375783e-06,7.236192625168482e-06,42.5,29.956452961382634,19.122615337371826,2.3985945516162457e-06,1.6686124460004066e-06,1.0583949473307963e-06,5.125601944947476e-06,United States,USA,south carolina,,,Linux-6.1.85+-x86_64-with-glibc2.35,3.11.11,2.4.2,8,Intel(R) Xeon(R) CPU @ 2.30GHz,1,1 x Tesla T4,-79.9746,32.8608,50.9936408996582,machine,N
Run-73,2025-04-09T10:32:40,energy_emissions_colab,8bf2183a-5368-4d3f-9f3d-06ca7300ce6b,0.22062993049621582,1.5521070173647793e-06,7.048576288405663e-06,42.5,27.539835634617745,19.122615337371826,2.6112705469131527e-06,1.671390225999915e-06,1.1537199442024875e-06,5.436380717115542e-06,United States,USA,south carolina,,,Linux-6.1.85+-x86_64-with-glibc2.35,3.11.11,2.4.2,8,Intel(R) Xeon(R) CPU @ 2.30GHz,1,1 x Tesla T4,-79.9746,32.8608,50.9936408996582,machine,N
Run-74,2025-04-09T10:32:40,energy_emissions_colab,8bf2183a-5368-4d3f-9f3d-06ca7300ce6b,0.21451067924499512,1.5202447695954603e-06,7.105998424304004e-06,42.5,28.363387747479077,19.122615337371826,2.5376164250903537e-06,1.669168002000048e-06,1.1179961829196796e-06,5.324780610010136e-06,United States,USA,south carolina,,,Linux-6.1.85+-x86_64-with-glibc2.35,3.11.11,2.4.2,8,Intel(R) Xeon(R) CPU @ 2.30GHz,1,1 x Tesla T4,-79.9746,32.8608,50.9936408996582,machine,N
Run-75,2025-04-09T10:32:40,energy_emissions_colab,8bf2183a-5368-4d3f-9f3d-06ca7300ce6b,0.21120953559875488,1.5054994344463886e-06,7.131346757500311e-06,42.5,28.727215420040928,19.122615337371826,2.5003699792756028e-06,1.668612445999973e-06,1.1041514524055162e-06,5.273133877681051e-06,United States,USA,south carolina,,,Linux-6.1.85+-x86_64-with-glibc2.35,3.11.11,2.4.2,8,Intel(R) Xeon(R) CPU @ 2.30GHz,1,1 x Tesla T4,-79.9746,32.8608,50.9936408996582,machine,N
Run-76,2025-04-09T10:32:40,energy_emissions_colab,8bf2183a-5368-4d3f-9f3d-06ca7300ce6b,0.2026073932647705,1.4663523238850893e-06,7.238123245708287e-06,42.5,30.131496755083724,19.122615337371826,2.4126481678750887e-06,1.670001335999944e-06,1.0533684439086748e-06,5.1360179477837075e-06,United States,USA,south carolina,,,Linux-6.1.85+-x86_64-with-glibc2.35,3.11.11,2.4.2,8,Intel(R) Xeon(R) CPU @ 2.30GHz,1,1 x Tesla T4,-79.9746,32.8608,50.9936408996582,machine,N
Run-77,2025-04-09T10:32:41,energy_emissions_colab,8bf2183a-5368-4d3f-9f3d-06ca7300ce6b,0.19967007637023926,1.4487641763637389e-06,7.276129133433519e-06,42.5,30.485156688355385,19.122615337371826,2.362848321596782e-06,1.6702791139997647e-06,1.0412865989484503e-06,5.074414034545024e-06,United States,USA,south carolina,,,Linux-6.1.85+-x86_64-with-glibc2.35,3.11.11,2.4.2,8,Intel(R) Xeon(R) CPU @ 2.30GHz,1,1 x Tesla T4,-79.9746,32.8608,50.9936408996582,machine,N
Run-78,2025-04-09T10:32:41,energy_emissions_colab,8bf2183a-5368-4d3f-9f3d-06ca7300ce6b,0.22539472579956055,1.5757165383906038e-06,6.9926436159661505e-06,42.5,26.92731307813832,19.122615337371826,2.669292026095916e-06,1.6705568920004528e-06,1.1792260613407318e-06,5.5190749794371005e-06,United States,USA,south carolina,,,Linux-6.1.85+-x86_64-with-glibc2.35,3.11.11,2.4.2,8,Intel(R) Xeon(R) CPU @ 2.30GHz,1,1 x Tesla T4,-79.9746,32.8608,50.9936408996582,machine,N
Run-79,2025-04-09T10:32:41,energy_emissions_colab,8bf2183a-5368-4d3f-9f3d-06ca7300ce6b,0.21500754356384277,1.5234036687163382e-06,7.0881873138397775e-06,42.5,28.133511595550107,19.122615337371826,2.5472172432475487e-06,1.6638902199999847e-06,1.1247374471464372e-06,5.335844910394011e-06,United States,USA,south carolina,,,Linux-6.1.85+-x86_64-with-glibc2.35,3.11.11,2.4.2,8,Intel(R) Xeon(R) CPU @ 2.30GHz,1,1 x Tesla T4,-79.9746,32.8608,50.9936408996582,machine,N
Run-80,2025-04-09T10:32:41,energy_emissions_colab,8bf2183a-5368-4d3f-9f3d-06ca7300ce6b,0.20429110527038574,1.4714376109929749e-06,7.20557781223858e-06,42.5,29.812127914170674,19.122615337371826,2.4167463183403105e-06,1.6719457819995565e-06,1.0651374779983229e-06,5.15382957833819e-06,United States,USA,south carolina,,,Linux-6.1.85+-x86_64-with-glibc2.35,3.11.11,2.4.2,8,Intel(R) Xeon(R) CPU @ 2.30GHz,1,1 x Tesla T4,-79.9746,32.8608,50.9936408996582,machine,N
Run-81,2025-04-09T10:32:41,energy_emissions_colab,8bf2183a-5368-4d3f-9f3d-06ca7300ce6b,0.19908833503723145,1.4527985582523599e-06,7.298007672392878e-06,42.5,30.3660855153845,19.122615337371826,2.373687591817643e-06,1.670279114000632e-06,1.0445780785136048e-06,5.088544784331893e-06,United States,USA,south carolina,,,Linux-6.1.85+-x86_64-with-glibc2.35,3.11.11,2.4.2,8,Intel(R) Xeon(R) CPU @ 2.30GHz,1,1 x Tesla T4,-79.9746,32.8608,50.9936408996582,machine,N
Run-82,2025-04-09T10:32:42,energy_emissions_colab,8bf2183a-5368-4d3f-9f3d-06ca7300ce6b,0.2154836654663086,1.5267177400901113e-06,7.0885799569062e-06,42.5,28.23779531490039,19.122615337371826,2.550774978266816e-06,1.6716680040001694e-06,1.1250097319123113e-06,5.347452714179297e-06,United States,USA,south carolina,,,Linux-6.1.85+-x86_64-with-glibc2.35,3.11.11,2.4.2,8,Intel(R) Xeon(R) CPU @ 2.30GHz,1,1 x Tesla T4,-79.9746,32.8608,50.9936408996582,machine,N
Run-83,2025-04-09T10:32:42,energy_emissions_colab,8bf2183a-5368-4d3f-9f3d-06ca7300ce6b,0.20389080047607422,1.48001919544972e-06,7.26184524374004e-06,42.5,29.57622112212526,19.122615337371826,2.4382390909724768e-06,1.6711124479996606e-06,1.0745357349637124e-06,5.183887273935823e-06,United States,USA,south carolina,,,Linux-6.1.85+-x86_64-with-glibc2.35,3.11.11,2.4.2,8,Intel(R) Xeon(R) CPU @ 2.30GHz,1,1 x Tesla T4,-79.9746,32.8608,50.9936408996582,machine,N
Run-84,2025-04-09T10:32:42,energy_emissions_colab,8bf2183a-5368-4d3f-9f3d-06ca7300ce6b,0.20893621444702148,1.495177607697089e-06,7.157556841972646e-06,42.5,29.1210510584119,19.122615337371826,2.474382188585064e-06,1.671390225999915e-06,1.0912084277206734e-06,5.236980842305639e-06,United States,USA,south carolina,,,Linux-6.1.85+-x86_64-with-glibc2.35,3.11.11,2.4.2,8,Intel(R) Xeon(R) CPU @ 2.30GHz,1,1 x Tesla T4,-79.9746,32.8608,50.9936408996582,machine,N
Run-85,2025-04-09T10:32:42,energy_emissions_colab,8bf2183a-5368-4d3f-9f3d-06ca7300ce6b,0.21067214012145996,1.503741853000907e-06,7.140609557126475e-06,42.5,28.86825409417382,19.122615337371826,2.495078411367198e-06,1.671390225999915e-06,1.1005091687466478e-06,5.266977806113774e-06,United States,USA,south carolina,,,Linux-6.1.85+-x86_64-with-glibc2.35,3.11.11,2.4.2,8,Intel(R) Xeon(R) CPU @ 2.30GHz,1,1 x Tesla T4,-79.9746,32.8608,50.9936408996582,machine,N
Run-86,2025-04-09T10:32:42,energy_emissions_colab,8bf2183a-5368-4d3f-9f3d-06ca7300ce6b,0.20764970779418945,1.4852545401479553e-06,7.170203527732163e-06,42.5,29.35417518896877,19.122615337371826,2.45083471139273e-06,1.6700013360003776e-06,1.0813884459783712e-06,5.2022244933714245e-06,United States,USA,south carolina,,,Linux-6.1.85+-x86_64-with-glibc2.35,3.11.11,2.4.2,8,Intel(R) Xeon(R) CPU @ 2.30GHz,1,1 x Tesla T4,-79.9746,32.8608,50.9936408996582,machine,N
Run-87,2025-04-09T10:32:43,energy_emissions_colab,8bf2183a-5368-4d3f-9f3d-06ca7300ce6b,0.20710253715515137,1.4869158629409666e-06,7.183382940003972e-06,42.5,29.344835414984992,19.122615337371826,2.4543220798174475e-06,1.6716680040001694e-06,1.082053327383417e-06,5.2080434112010475e-06,United States,USA,south carolina,,,Linux-6.1.85+-x86_64-with-glibc2.35,3.11.11,2.4.2,8,Intel(R) Xeon(R) CPU @ 2.30GHz,1,1 x Tesla T4,-79.9746,32.8608,50.9936408996582,machine,N
Run-88,2025-04-09T10:32:43,energy_emissions_colab,8bf2183a-5368-4d3f-9f3d-06ca7300ce6b,0.20624399185180664,1.4849273199969422e-06,7.213524726894207e-06,42.5,29.421731857102316,19.122615337371826,2.4483465486102574e-06,1.6722235599998109e-06,1.080508269642164e-06,5.201078378252273e-06,United States,USA,south carolina,,,Linux-6.1.85+-x86_64-with-glibc2.35,3.11.11,2.4.2,8,Intel(R) Xeon(R) CPU @ 2.30GHz,1,1 x Tesla T4,-79.9746,32.8608,50.9936408996582,machine,N
Run-89,2025-04-09T10:32:43,energy_emissions_colab,8bf2183a-5368-4d3f-9f3d-06ca7300ce6b,0.24910330772399902,1.692676907199506e-06,6.797337517831582e-06,42.5,24.343246280049858,19.122615337371826,2.951121495829679e-06,1.6716680040001694e-06,1.3059486578197274e-06,5.928738157649576e-06,United States,USA,south carolina,,,Linux-6.1.85+-x86_64-with-glibc2.35,3.11.11,2.4.2,8,Intel(R) Xeon(R) CPU @ 2.30GHz,1,1 x Tesla T4,-79.9746,32.8608,50.9936408996582,machine,N
Run-90,2025-04-09T10:32:43,energy_emissions_colab,8bf2183a-5368-4d3f-9f3d-06ca7300ce6b,0.3202345371246338,2.2751952944043336e-06,7.124451435438727e-06,42.5,28.40688020472413,19.122615337371826,3.7826745046509703e-06,2.5055575599997743e-06,1.6808239912725773e-06,7.969056055923281e-06,United States,USA,south carolina,,,Linux-6.1.85+-x86_64-with-glibc2.35,3.11.11,2.4.2,8,Intel(R) Xeon(R) CPU @ 2.30GHz,1,1 x Tesla T4,-79.9746,32.8608,50.9936408996582,machine,N
Run-91,2025-04-09T10:32:44,energy_emissions_colab,8bf2183a-5368-4d3f-9f3d-06ca7300ce6b,0.31352925300598145,2.2418367249386786e-06,7.162445759756309e-06,42.5,29.05985134123799,19.122615337371826,3.7022933363914585e-06,2.508613118000838e-06,1.6413085063198625e-06,7.85221496071224e-06,United States,USA,south carolina,,,Linux-6.1.85+-x86_64-with-glibc2.35,3.11.11,2.4.2,8,Intel(R) Xeon(R) CPU @ 2.30GHz,1,1 x Tesla T4,-79.9746,32.8608,50.9936408996582,machine,N
Run-92,2025-04-09T10:32:44,energy_emissions_colab,8bf2183a-5368-4d3f-9f3d-06ca7300ce6b,0.320385217666626,2.5169901507764343e-06,7.864916122904762e-06,42.5,37.79682584314455,19.122615337371826,3.7895141376389303e-06,3.342224895999321e-06,1.6842231183033125e-06,8.815962151941577e-06,United States,USA,south carolina,,,Linux-6.1.85+-x86_64-with-glibc2.35,3.11.11,2.4.2,8,Intel(R) Xeon(R) CPU @ 2.30GHz,1,1 x Tesla T4,-79.9746,32.8608,50.9936408996582,machine,N
Run-93,2025-04-09T10:32:44,energy_emissions_colab,8bf2183a-5368-4d3f-9f3d-06ca7300ce6b,0.3150455951690674,2.2501761724823916e-06,7.144442550996797e-06,42.5,28.892370555604444,19.122615337371826,3.7240394287639176e-06,2.5055575600006416e-06,1.651827563368041e-06,7.881424552132654e-06,United States,USA,south carolina,,,Linux-6.1.85+-x86_64-with-glibc2.35,3.11.11,2.4.2,8,Intel(R) Xeon(R) CPU @ 2.30GHz,1,1 x Tesla T4,-79.9746,32.8608,50.9936408996582,machine,N
Run-94,2025-04-09T10:32:45,energy_emissions_colab,8bf2183a-5368-4d3f-9f3d-06ca7300ce6b,0.3170342445373535,2.2541667454719586e-06,7.112237924521077e-06,42.5,28.962157560138937,19.122615337371826,3.7440939082039636e-06,2.5083353399997163e-06,1.6429726094936307e-06,7.895401857697351e-06,United States,USA,south carolina,,,Linux-6.1.85+-x86_64-with-glibc2.35,3.11.11,2.4.2,8,Intel(R) Xeon(R) CPU @ 2.30GHz,1,1 x Tesla T4,-79.9746,32.8608,50.9936408996582,machine,N
Run-95,2025-04-09T10:32:45,energy_emissions_colab,8bf2183a-5368-4d3f-9f3d-06ca7300ce6b,0.31021761894226074,2.2267898086830295e-06,7.179031168403141e-06,42.5,29.35821703193806,19.122615337371826,3.663068181938606e-06,2.5083353399997163e-06,1.6281083941584005e-06,7.79951191609671e-06,United States,USA,south carolina,,,Linux-6.1.85+-x86_64-with-glibc2.35,3.11.11,2.4.2,8,Intel(R) Xeon(R) CPU @ 2.30GHz,1,1 x Tesla T4,-79.9746,32.8608,50.9936408996582,machine,N
Run-96,2025-04-09T10:32:45,energy_emissions_colab,8bf2183a-5368-4d3f-9f3d-06ca7300ce6b,0.21847844123840332,1.5452567135448034e-06,7.071267629298329e-06,42.5,27.709233947508,19.122615337371826,2.5952410366800204e-06,1.6708346700002735e-06,1.146311265689146e-06,5.412386972369399e-06,United States,USA,south carolina,,,Linux-6.1.85+-x86_64-with-glibc2.35,3.11.11,2.4.2,8,Intel(R) Xeon(R) CPU @ 2.30GHz,1,1 x Tesla T4,-79.9746,32.8608,50.9936408996582,machine,N
Run-97,2025-04-09T10:32:45,energy_emissions_colab,8bf2183a-5368-4d3f-9f3d-06ca7300ce6b,0.2015211582183838,1.4591576878554904e-06,7.242130798653653e-06,42.5,30.315112791151503,19.122615337371826,2.390727566348161e-06,1.6722235599998109e-06,1.0478670251972213e-06,5.1108181515452204e-06,United States,USA,south carolina,,,Linux-6.1.85+-x86_64-with-glibc2.35,3.11.11,2.4.2,8,Intel(R) Xeon(R) CPU @ 2.30GHz,1,1 x Tesla T4,-79.9746,32.8608,50.9936408996582,machine,N
Run-98,2025-04-09T10:32:46,energy_emissions_colab,8bf2183a-5368-4d3f-9f3d-06ca7300ce6b,0.20671749114990234,1.4865951258812525e-06,7.195159727602931e-06,42.5,29.43680341988547,19.122615337371826,2.4510824018054793e-06,1.674168005999857e-06,1.0816695958296418e-06,5.20692000363491e-06,United States,USA,south carolina,,,Linux-6.1.85+-x86_64-with-glibc2.35,3.11.11,2.4.2,8,Intel(R) Xeon(R) CPU @ 2.30GHz,1,1 x Tesla T4,-79.9746,32.8608,50.9936408996582,machine,N
Run-99,2025-04-09T10:32:46,energy_emissions_colab,8bf2183a-5368-4d3f-9f3d-06ca7300ce6b,0.20503568649291992,1.4757619511335306e-06,7.19536860307234e-06,42.5,29.352459729075104,19.122615337371826,2.434397074911306e-06,1.6600013279998924e-06,1.0745775275091839e-06,5.168975930420409e-06,United States,USA,south carolina,,,Linux-6.1.85+-x86_64-with-glibc2.35,3.11.11,2.4.2,8,Intel(R) Xeon(R) CPU @ 2.30GHz,1,1 x Tesla T4,-79.9746,32.8608,50.9936408996582,machine,N
Run-100,2025-04-09T10:32:46,energy_emissions_colab,8bf2183a-5368-4d3f-9f3d-06ca7300ce6b,0.20822882652282715,1.491446041945705e-06,7.178734662128058e-06,42.5,29.269965593119334,19.122615337371826,2.463759647475369e-06,1.6733346719999612e-06,1.0868164111250609e-06,5.223910730600364e-06,United States,USA,south carolina,,,Linux-6.1.85+-x86_64-with-glibc2.35,3.11.11,2.4.2,8,Intel(R) Xeon(R) CPU @ 2.30GHz,1,1 x Tesla T4,-79.9746,32.8608,50.9936408996582,machine,N
