segment_id,audio_duration,num_inferences,num_gt_events,num_detected,seg_precision,seg_recall,seg_f1,seg_accuracy,seg_balanced_accuracy,seg_error_rate,seg_deletion_rate,seg_insertion_rate,evt_precision,evt_recall,evt_f1,evt_error_rate,evt_deletion_rate,evt_insertion_rate,throughput,cpu_mean,ram_mean_mb
uZuEn8mguGE_10000,10.0,33,1,3,1.0,0.9090909090909091,0.9523809523809523,0.9090909090909091,0.45454545454545453,0.09090909090909091,0.09090909090909091,0.0,0.0,0.0,0.0,3.999999999999999,0.9999999999999998,2.9999999999999996,0.9318476219637396,35.955140186915884,1358.7350321261683
dIUthrXjhGM_30000,10.0,33,1,5,1.0,0.7272727272727273,0.8421052631578948,0.7272727272727273,0.36363636363636365,0.2727272727272727,0.2727272727272727,0.0,0.0,0.0,0.0,5.999999999999999,0.9999999999999998,4.999999999999999,0.9318756188654262,35.775700934579426,1363.964953271028
XHD0sLHWEUU_30000,10.0,33,1,1,1.0,0.9090909090909091,0.9523809523809523,0.9696969696969697,0.9545454545454546,0.09090909090909091,0.09090909090909091,0.0,0.0,0.0,0.0,1.9999999999999996,0.9999999999999998,0.9999999999999998,0.9318608573056475,35.40467289719626,1367.057754088785
zculW9jrR2g_0,10.0,33,1,1,1.0,0.9696969696969697,0.9846153846153847,0.9696969696969697,0.48484848484848486,0.030303030303030304,0.030303030303030304,0.0,1.0,1.0,1.0,0.0,0.0,0.0,0.931878968091397,35.49065420560746,1377.0177789135514
z_sdhRMMvJA_20000,10.0,33,1,1,1.0,0.9696969696969697,0.9846153846153847,0.9696969696969697,0.48484848484848486,0.030303030303030304,0.030303030303030304,0.0,1.0,1.0,1.0,0.0,0.0,0.0,0.9318992028277939,35.49158878504672,1379.6024386682243
m8t6gPBCxr8_20000,10.0,33,1,1,1.0,0.9696969696969697,0.9846153846153847,0.9696969696969697,0.48484848484848486,0.030303030303030304,0.030303030303030304,0.0,1.0,1.0,1.0,0.0,0.0,0.0,0.9318659092977151,35.86168224299065,1389.788113317757
Y0RTSvdcDuE_10000,10.0,33,1,1,1.0,0.9696969696969697,0.9846153846153847,0.9696969696969697,0.48484848484848486,0.030303030303030304,0.030303030303030304,0.0,1.0,1.0,1.0,0.0,0.0,0.0,0.9318706553357163,35.66074766355139,1394.2464953271028
mbjOa_msQDw_50000,10.0,33,1,4,1.0,0.8787878787878788,0.9354838709677419,0.8787878787878788,0.4393939393939394,0.12121212121212122,0.12121212121212122,0.0,0.0,0.0,0.0,4.999999999999999,0.9999999999999998,3.999999999999999,0.9318863293884351,35.771962616822414,1400.564836448598
mgF-ieQ7rV4_30000,10.0,33,1,3,1.0,0.7575757575757576,0.8620689655172413,0.7575757575757576,0.3787878787878788,0.24242424242424243,0.24242424242424243,0.0,0.3333333333333333,1.0,0.5,1.9999999999999996,0.0,1.9999999999999996,0.931886025103301,35.30373831775699,1400.9550598714952
8uBHEGhU5nU_10000,10.0,33,1,2,1.0,0.9393939393939394,0.96875,0.9393939393939394,0.4696969696969697,0.06060606060606061,0.06060606060606061,0.0,0.5,1.0,0.6666666666666666,0.9999999999999998,0.0,0.9999999999999998,0.9318879698232084,35.577570093457936,1402.9251606308412
GjKctchIsAg_10000,9.2719375,30,1,1,1.0,0.9,0.9473684210526316,0.9,0.45,0.1,0.1,0.0,1.0,1.0,1.0,0.0,0.0,0.0,0.946005828928907,35.595918367346925,1407.134765625
0bnVue36sUs_10000,10.0,33,1,6,1.0,0.7878787878787878,0.8813559322033898,0.7878787878787878,0.3939393939393939,0.21212121212121213,0.21212121212121213,0.0,0.0,0.0,0.0,6.999999999999999,0.9999999999999998,5.999999999999999,0.9318526561924566,35.952336448598125,1411.3504307827102
zJhW4B55Fn4_40000,10.0,33,1,1,1.0,0.9393939393939394,0.96875,0.9393939393939394,0.4696969696969697,0.06060606060606061,0.06060606060606061,0.0,1.0,1.0,1.0,0.0,0.0,0.0,0.9318984295706622,35.67943925233643,1411.555746203271
aPWCPjc7bBg_0,6.9135,23,1,2,1.0,0.9545454545454546,0.9767441860465117,0.9545454545454546,0.4772727272727273,0.045454545454545456,0.045454545454545456,0.0,0.5,1.0,0.6666666666666666,0.9999999999999998,0.0,0.9999999999999998,0.9059896000120373,34.56233766233766,1421.3115361201299
V6JZ36ojQkc_30000,10.0,33,1,2,1.0,0.9090909090909091,0.9523809523809523,0.9090909090909091,0.45454545454545453,0.09090909090909091,0.09090909090909091,0.0,0.0,0.0,0.0,2.999999999999999,0.9999999999999998,1.9999999999999996,0.9318941561058961,35.30841121495326,1426.6695020443926
Gs5B-PtJl6Q_9000,9.2535,30,1,1,1.0,0.9666666666666667,0.983050847457627,0.9666666666666667,0.48333333333333334,0.03333333333333333,0.03333333333333333,0.0,1.0,1.0,1.0,0.0,0.0,0.0,0.9441459898171727,35.181632653061214,1430.2022082270407
jqqEENGIjLM_0,10.0,33,1,2,0.875,0.7777777777777778,0.823529411764706,0.9090909090909091,0.8680555555555556,0.3333333333333333,0.2222222222222222,0.1111111111111111,0.0,0.0,0.0,2.999999999999999,0.9999999999999998,1.9999999999999996,0.9318929439605635,35.49065420560746,1430.3336375584113
EU2yVBa1-N8_25000,9.5535,31,1,1,1.0,1.0,1.0,1.0,0.5,0.0,0.0,0.0,1.0,1.0,1.0,0.0,0.0,0.0,0.9448755282858333,35.6168316831683,1426.5442063737623
iXGkMnh5hSc_10000,10.0,33,2,2,1.0,0.7878787878787878,0.8813559322033898,0.7878787878787878,0.3939393939393939,0.21212121212121213,0.21212121212121213,0.0,0.5,0.5,0.5,1.0,0.5,0.5,0.9318660963483675,35.21588785046728,1428.4610835280373
cxRhySahrxo_40000,10.0,33,1,2,1.0,0.9393939393939394,0.96875,0.9393939393939394,0.4696969696969697,0.06060606060606061,0.06060606060606061,0.0,0.0,0.0,0.0,2.999999999999999,0.9999999999999998,1.9999999999999996,0.9319041962688587,35.11495327102803,1432.2567172897195
SG9ohajJmGA_30000,10.0,33,1,3,1.0,0.7878787878787878,0.8813559322033898,0.7878787878787878,0.3939393939393939,0.21212121212121213,0.21212121212121213,0.0,0.0,0.0,0.0,3.999999999999999,0.9999999999999998,2.9999999999999996,0.9318820871316374,35.30841121495326,1428.4741165303737
zzY0QX0ZJ4Y_19000,9.2335,30,1,1,1.0,1.0,1.0,1.0,0.5,0.0,0.0,0.0,1.0,1.0,1.0,0.0,0.0,0.0,0.9420889025087534,35.18775510204081,1432.535794005102
YRxhBnOHh5g_150000,10.0,33,1,6,1.0,0.696969696969697,0.8214285714285715,0.696969696969697,0.3484848484848485,0.30303030303030304,0.30303030303030304,0.0,0.0,0.0,0.0,6.999999999999999,0.9999999999999998,5.999999999999999,0.9318764612079509,35.67663551401868,1440.6943268107477
3jH_pyOhBPk_30000,10.0,33,1,1,1.0,0.9696969696969697,0.9846153846153847,0.9696969696969697,0.48484848484848486,0.030303030303030304,0.030303030303030304,0.0,1.0,1.0,1.0,0.0,0.0,0.0,0.9318972754196755,35.30093457943926,1441.161726051402
4VJRyGdM3yI_30000,10.0,33,1,3,1.0,0.8787878787878788,0.9354838709677419,0.8787878787878788,0.4393939393939394,0.12121212121212122,0.12121212121212122,0.0,0.3333333333333333,1.0,0.5,1.9999999999999996,0.0,1.9999999999999996,0.9318917154860594,35.49532710280372,1448.9575788551401
mfYq1ISxiaU_10000,10.0,33,1,6,1.0,0.5151515151515151,0.6799999999999999,0.5151515151515151,0.25757575757575757,0.48484848484848486,0.48484848484848486,0.0,0.0,0.0,0.0,6.999999999999999,0.9999999999999998,5.999999999999999,0.9318928606761104,35.49158878504672,1454.0284754672898
0dyfl-736FE_30000,10.0,33,1,1,1.0,0.7878787878787878,0.8813559322033898,0.7878787878787878,0.3939393939393939,0.21212121212121213,0.21212121212121213,0.0,0.0,0.0,0.0,1.9999999999999996,0.9999999999999998,0.9999999999999998,0.9318995687820234,35.867289719626164,1459.784316588785
9D5zrR8ygd4_160000,10.0,33,1,2,1.0,0.7272727272727273,0.8421052631578948,0.7272727272727273,0.36363636363636365,0.2727272727272727,0.2727272727272727,0.0,0.5,1.0,0.6666666666666666,0.9999999999999998,0.0,0.9999999999999998,0.9318484860452265,35.304672897196255,1465.8462324766356
kGKQO0LY_7Y_10000,10.0,33,1,1,1.0,0.9393939393939394,0.96875,0.9393939393939394,0.4696969696969697,0.06060606060606061,0.06060606060606061,0.0,0.0,0.0,0.0,1.9999999999999996,0.9999999999999998,0.9999999999999998,0.9318910852740876,35.400934579439244,1469.85714807243
XQl9q88l95M_30000,10.0009375,33,1,6,1.0,0.48484848484848486,0.653061224489796,0.48484848484848486,0.24242424242424243,0.5151515151515151,0.5151515151515151,0.0,0.0,0.0,0.0,6.999999999999999,0.9999999999999998,5.999999999999999,0.931945301117504,35.30280373831775,1470.2352511682243
8Kvrkek8h_s_15000,9.05696875,30,1,1,1.0,0.9666666666666667,0.983050847457627,0.9666666666666667,0.48333333333333334,0.03333333333333333,0.03333333333333333,0.0,1.0,1.0,1.0,0.0,0.0,0.0,0.9240902267259816,35.08061224489794,1477.9093989158164
K5_U6mi3TUo_30000,10.0,33,1,2,1.0,0.8484848484848485,0.9180327868852458,0.8484848484848485,0.42424242424242425,0.15151515151515152,0.15151515151515152,0.0,0.0,0.0,0.0,2.999999999999999,0.9999999999999998,1.9999999999999996,0.9318530990491649,35.303738317757,1474.6247079439252
Z3zGDe25gP4_30000,10.0,33,1,5,1.0,0.696969696969697,0.8214285714285715,0.696969696969697,0.3484848484848485,0.30303030303030304,0.30303030303030304,0.0,0.0,0.0,0.0,5.999999999999999,0.9999999999999998,4.999999999999999,0.9318929101736423,35.0233644859813,1480.3118063668223
ZftXfAXmTRw_530000,10.0,33,1,2,1.0,0.6,0.7499999999999999,0.7894736842105263,0.8,0.4,0.4,0.0,0.0,0.0,0.0,2.999999999999999,0.9999999999999998,1.9999999999999996,0.9319003956187385,35.125233644859804,1476.5208455023364
TxPRX0NbL9E_30000,10.0,33,1,3,1.0,0.9090909090909091,0.9523809523809523,0.9090909090909091,0.45454545454545453,0.09090909090909091,0.09090909090909091,0.0,0.3333333333333333,1.0,0.5,1.9999999999999996,0.0,1.9999999999999996,0.931888706501253,35.585046728971946,1478.4165449766356
xwVb3n09WaM_1000,9.6935,32,1,3,1.0,0.8125,0.896551724137931,0.8125,0.40625,0.1875,0.1875,0.0,0.3333333333333333,1.0,0.5,1.9999999999999996,0.0,1.9999999999999996,0.9301824542116932,35.56442307692306,1478.62646484375
FvYr3ekJe_c_30000,10.0,33,2,3,1.0,0.5,0.6666666666666666,0.6206896551724138,0.75,0.5,0.5,0.0,0.0,0.0,0.0,2.5,1.0,1.5,0.9318878921859015,35.58504672897195,1486.7986273364486
o-orwtbwGSU_30000,10.0,33,1,3,1.0,0.9393939393939394,0.96875,0.9393939393939394,0.4696969696969697,0.06060606060606061,0.06060606060606061,0.0,0.0,0.0,0.0,3.999999999999999,0.9999999999999998,2.9999999999999996,0.9318628600126738,35.485981308411205,1492.8933995327102
Y_7tlXONBAw_11000,9.1085,30,1,2,1.0,0.9310344827586207,0.9642857142857143,0.9310344827586207,0.46551724137931033,0.06896551724137931,0.06896551724137931,0.0,0.5,1.0,0.6666666666666666,0.9999999999999998,0.0,0.9999999999999998,0.9293697380393618,35.08469387755101,1487.1900510204082
VpVQSzhSd14_30000,10.0,33,1,2,1.0,0.9393939393939394,0.96875,0.9393939393939394,0.4696969696969697,0.06060606060606061,0.06060606060606061,0.0,0.5,1.0,0.6666666666666666,0.9999999999999998,0.0,0.9999999999999998,0.9319002762960338,35.39158878504673,1491.2265259929907
-z47zN0YyE4_420000,10.000375,33,2,3,1.0,0.8787878787878788,0.9354838709677419,0.8787878787878788,0.4393939393939394,0.12121212121212122,0.12121212121212122,0.0,0.3333333333333333,0.5,0.4,1.5,0.5,1.0,0.9319046340305658,35.50093457943923,1489.5952832943926
zN0wZWtIXzA_2000,9.8935,32,1,5,1.0,0.6666666666666666,0.8,0.6666666666666666,0.3333333333333333,0.3333333333333333,0.3333333333333333,0.0,0.0,0.0,0.0,5.999999999999999,0.9999999999999998,4.999999999999999,0.9493669533568713,35.460576923076914,1493.6334510216345
GwCo3-WX3sw_30000,10.0,33,1,2,1.0,0.9393939393939394,0.96875,0.9393939393939394,0.4696969696969697,0.06060606060606061,0.06060606060606061,0.0,0.0,0.0,0.0,2.999999999999999,0.9999999999999998,1.9999999999999996,0.9318941022610107,35.39813084112149,1493.903731016355
rHaXF6gyVsw_80000,10.0,33,1,2,1.0,0.9393939393939394,0.96875,0.9393939393939394,0.4696969696969697,0.06060606060606061,0.06060606060606061,0.0,0.0,0.0,0.0,2.999999999999999,0.9999999999999998,1.9999999999999996,0.9318990456336191,35.770093457943915,1494.381425233645
wD20jAGWBgM_10000,10.0,33,1,1,1.0,1.0,1.0,1.0,0.5,0.0,0.0,0.0,1.0,1.0,1.0,0.0,0.0,0.0,0.931876285880076,35.203738317756994,1500.7968019859813
5SHCBLMK348_160000,10.0,33,1,5,1.0,0.6363636363636364,0.7777777777777778,0.6363636363636364,0.3181818181818182,0.36363636363636365,0.36363636363636365,0.0,0.0,0.0,0.0,5.999999999999999,0.9999999999999998,4.999999999999999,0.9318831027286029,35.21308411214952,1499.4329731308412
IRROtxNE3qU_30000,10.0,33,1,3,1.0,0.9090909090909091,0.9523809523809523,0.9090909090909091,0.45454545454545453,0.09090909090909091,0.09090909090909091,0.0,0.0,0.0,0.0,3.999999999999999,0.9999999999999998,2.9999999999999996,0.9318705664142544,35.68130841121494,1505.6074401285048
o51WS1A5VjA_20000,10.0,33,1,2,0.8571428571428571,0.8571428571428571,0.8571428571428571,0.8787878787878788,0.8759398496240601,0.2857142857142857,0.14285714285714285,0.14285714285714285,0.5,1.0,0.6666666666666666,0.9999999999999998,0.0,0.9999999999999998,0.9318939059132525,35.214018691588784,1508.3511974299065
YhEQ1nsnAmc_20000,10.0,33,1,2,1.0,0.9393939393939394,0.96875,0.9393939393939394,0.4696969696969697,0.06060606060606061,0.06060606060606061,0.0,0.5,1.0,0.6666666666666666,0.9999999999999998,0.0,0.9999999999999998,0.9318715280579026,35.30467289719625,1514.6957140771028
Z0OHOLrhk9k_9000,9.854625,32,1,2,1.0,0.625,0.7692307692307693,0.625,0.3125,0.375,0.375,0.0,0.5,1.0,0.6666666666666666,0.9999999999999998,0.0,0.9999999999999998,0.9456636802159916,35.37403846153845,1513.0474759615386
